SO2,NO2,O3,CO,PM10,PM2.5,Status,
0.004,0.059,0.002,1.2,73,57,1,
0.004,0.058,0.002,1.2,71,59,1,
0.004,0.056,0.002,1.2,70,59,1,
0.004,0.056,0.002,1.2,70,58,1,
0.003,0.051,0.002,1.2,69,61,1,
0.003,0.046,0.002,1.1,70,61,1,
0.003,0.049,0.002,1.1,66,57,1,
0.003,0.045,0.002,1,71,60,1,
0.004,0.047,0.002,1.1,72,60,1,
0.003,0.047,0.002,1.1,74,63,1,
0.004,0.045,0.004,1,76,68,1,
0.004,0.048,0.005,1,83,74,1,
0.004,0.054,0.005,1,93,79,1,
0.005,0.05,0.007,1,94,79,1,
0.006,0.055,0.008,0.9,93,78,1,
0.006,0.056,0.008,0.8,87,69,1,
0.006,0.063,0.004,0.9,87,69,1,
0.005,0.063,0.002,0.9,91,72,1,
0.005,0.063,0.002,1,91,69,1,
0.005,0.062,0.002,1,92,70,1,
0.004,0.056,0.002,0.9,94,74,1,
0.004,0.058,0.002,0.9,93,74,1,
0.004,0.058,0.002,1,89,73,1,
0.004,0.057,0.002,1,91,72,1,
0.004,0.057,0.002,1.1,93,72,1,
0.004,0.057,0.002,1,92,74,1,
0.004,0.055,0.002,1,90,73,1,
0.004,0.053,0.002,1,92,74,1,
0.004,0.052,0.002,1.1,92,76,1,
0.004,0.05,0.002,1,92,77,1,
0.004,0.05,0.002,1,92,76,1,
0.003,0.054,0.002,1.2,88,74,1,
0.004,0.06,0.002,1.4,88,71,1,
0.005,0.066,0.002,1.5,88,69,1,
0.005,0.059,0.004,1.1,85,63,1,
0.005,0.055,0.008,0.8,73,55,1,
0.006,0.037,0.031,0.7,80,59,1,
0.007,0.037,0.034,0.8,104,80,1,
0.006,0.035,0.036,0.9,117,90,1,
0.006,0.038,0.033,1,130,98,1,
0.006,0.039,0.034,1,140,107,1,
0.006,0.039,0.032,1,148,113,1,
0.005,0.04,0.029,1,150,116,1,
0.005,0.045,0.023,1,160,121,1,
0.004,0.044,0.019,1,154,116,1,
0.004,0.041,0.018,1.1,153,113,1,
0.005,0.028,0.031,0.9,146,111,1,
0.005,0.019,0.041,0.9,145,114,1,
0.005,0.022,0.034,1,148,113,1,
0.004,0.023,0.029,1,142,109,1,
0.004,0.015,0.035,0.8,122,95,1,
0.004,0.015,0.033,0.7,100,73,1,
0.004,0.019,0.029,0.8,95,69,1,
0.004,0.026,0.022,0.8,94,70,1,
0.004,0.037,0.012,0.8,83,58,1,
0.004,0.057,0.003,1,72,51,1,
0.004,0.065,0.003,1.4,76,57,1,
0.005,0.055,0.006,1.2,82,54,1,
0.006,0.046,0.012,0.9,76,57,1,
0.006,0.052,0.011,0.9,75,53,1,
0.006,0.052,0.016,0.8,75,53,1,
0.006,0.056,0.013,0.8,71,48,1,
0.007,0.045,0.02,0.6,76,53,1,
0.006,0.044,0.019,0.6,59,39,1,
0.005,0.047,0.016,0.5,52,32,1,
0.005,0.053,0.008,0.6,42,25,1,
0.004,0.062,0.002,0.7,38,21,1,
0.004,0.062,0.002,0.8,36,22,1,
0.004,0.067,0.002,0.8,33,21,1,
0.005,0.066,0.002,0.8,35,24,1,
0.005,0.066,0.002,0.7,35,23,1,
0.005,0.07,0.002,1,33,24,1,
0.005,0.073,0.002,1.2,36,24,1,
0.005,0.065,0.002,0.9,32,20,1,
0.005,0.062,0.002,0.9,29,21,1,
0.005,0.063,0.002,0.9,34,21,1,
0.005,0.06,0.002,0.8,37,23,1,
0.005,0.061,0.002,0.9,36,22,1,
0.005,0.061,0.002,0.9,38,28,1,
0.005,0.071,0.002,1.3,41,29,1,
0.005,0.074,0.002,1.4,43,30,1,
0.006,0.077,0.003,1.7,51,34,1,
0.007,0.083,0.003,1.7,64,48,1,
0.007,0.064,0.014,1.3,80,60,1,
0.007,0.051,0.016,1,83,56,1,
0.007,0.052,0.017,0.9,80,56,1,
0.006,0.037,0.026,0.7,68,50,1,
0.005,0.032,0.029,0.6,57,38,1,
0.005,0.036,0.025,0.7,52,35,1,
0.005,0.043,0.017,0.7,57,36,1,
0.005,0.047,0.014,0.8,58,37,1,
0.005,0.048,0.011,0.8,57,41,1,
0.005,0.053,0.007,0.7,49,35,1,
0.004,0.054,0.006,0.8,48,31,1,
0.005,0.065,0.002,1.1,46,31,1,
0.005,0.064,0.002,1.1,51,32,1,
0.004,0.055,0.004,0.9,49,32,1,
0.004,0.055,0.002,0.9,50,32,1,
0.005,0.052,0.003,0.9,54,34,1,
0.005,0.05,0.003,0.9,55,37,1,
0.004,0.05,0.002,0.9,59,39,1,
0.005,0.049,0.002,0.9,59,41,1,
0.005,0.053,0.002,0.1,63,43,1,
0.005,0.058,0.002,1.2,58,44,1,
0.005,0.058,0.003,1,57,43,1,
0.005,0.053,0.004,1.1,60,43,1,
0.005,0.053,0.006,0.9,58,38,1,
0.005,0.048,0.005,0.7,45,30,1,
0.005,0.035,0.015,0.5,37,23,1,
0.005,0.027,0.022,0.4,19,11,1,
0.004,0.022,0.025,0.4,22,6,1,
0.004,0.027,0.022,0.4,14,6,1,
0.004,0.031,0.019,0.4,16,4,1,
0.004,0.036,0.015,0.4,15,4,1,
0.004,0.034,0.015,0.4,13,6,1,
0.004,0.029,0.019,0.3,9,4,1,
0.003,0.032,0.017,0.3,6,2,1,
0.004,0.033,0.016,0.4,6,1,1,
0.003,0.025,0.021,0.3,6,2,1,
0.003,0.027,0.02,0.3,7,2,1,
0.003,0.021,0.024,0.3,7,2,1,
0.003,0.019,0.026,0.3,4,1,1,
0.003,0.015,0.028,0.3,5,1,1,
0.003,0.016,0.027,0.3,5,2,1,
0.003,0.016,0.027,0.3,4,1,1,
0.003,0.025,0.02,0.3,8,1,1,
0.003,0.036,0.011,0.3,7,1,1,
0.003,0.047,0.004,0.6,7,3,1,
0.003,0.05,0.004,0.6,12,5,1,
0.003,0.045,0.008,0.6,15,5,1,
0.004,0.038,0.012,0.5,19,8,1,
0.004,0.039,0.013,0.5,22,10,1,
0.004,0.034,0.018,0.4,22,7,1,
0.005,0.033,0.019,0.4,19,9,1,
0.004,0.035,0.017,0.5,19,15,1,
0.004,0.036,0.019,0.5,21,15,1,
0.004,0.041,0.014,0.5,25,13,1,
0.004,0.054,0.004,0.6,31,23,1,
0.004,0.059,0.002,0.7,35,21,1,
0.004,0.06,0.002,0.7,39,23,1,
0.004,0.054,0.002,0.7,40,27,1,
0.004,0.058,0.002,0.8,35,22,1,
0.004,0.068,0.002,1,37,21,1,
0.005,0.071,0.002,1.2,40,22,1,
0.004,0.071,0.002,1.3,41,27,1,
0.005,0.073,0.002,1.4,38,26,1,
0.004,0.064,0.002,1.2,43,33,1,
0.004,0.061,0.002,1.2,44,32,1,
0.004,0.054,0.002,1.1,42,31,1,
0.004,0.049,0.002,0.9,42,33,1,
0.004,0.048,0.002,0.9,42,33,1,
0.004,0.052,0.002,1.1,45,36,1,
0.004,0.048,0.002,1,52,39,1,
0.004,0.051,0.003,1,55,42,1,
0.004,0.04,0.006,0.7,53,38,1,
0.005,0.044,0.007,0.8,50,36,1,
0.006,0.043,0.011,0.7,58,39,1,
0.006,0.043,0.017,0.6,60,44,1,
0.005,0.057,0.009,0.7,69,52,1,
0.005,0.061,0.007,0.7,73,54,1,
0.005,0.061,0.005,0.7,76,56,1,
0.005,0.066,0.002,0.9,77,61,1,
0.004,0.068,0.002,1,73,57,1,
0.005,0.067,0.002,0.9,65,48,1,
0.005,0.063,0.002,0.9,60,44,1,
0.005,0.064,0.002,0.9,57,42,1,
0.005,0.065,0.002,1,56,40,1,
0.005,0.062,0.002,0.9,58,41,1,
0.005,0.062,0.002,1.1,51,39,1,
0.005,0.055,0.002,0.8,44,33,1,
0.004,0.052,0.003,0.7,40,29,1,
0.004,0.054,0.002,0.8,36,26,1,
0.004,0.042,0.006,0.6,37,25,1,
0.004,0.04,0.007,0.6,32,23,1,
0.004,0.044,0.005,0.6,32,24,1,
0.004,0.047,0.003,0.6,29,20,1,
0.004,0.047,0.005,0.7,33,23,1,
0.004,0.036,0.013,0.6,30,22,1,
0.004,0.032,0.019,0.5,27,20,1,
0.004,0.023,0.027,0.5,21,14,1,
0.005,0.024,0.027,0.4,24,17,1,
0.004,0.027,0.026,0.4,23,17,1,
0.005,0.032,0.021,0.4,22,17,1,
0.004,0.033,0.019,0.5,31,21,1,
0.004,0.03,0.021,0.5,28,21,1,
0.004,0.034,0.018,0.5,25,18,1,
0.004,0.03,0.022,0.4,26,18,1,
0.004,0.019,0.029,0.4,22,17,1,
0.004,0.021,0.026,0.5,23,20,1,
0.003,0.017,0.028,0.5,30,24,1,
0.003,0.02,0.024,0.5,29,22,1,
0.003,0.016,0.03,0.5,35,29,1,
0.003,0.014,0.035,0.5,39,32,1,
0.003,0.012,0.036,0.4,40,29,1,
0.003,0.012,0.035,0.5,41,30,1,
0.003,0.012,0.034,0.5,41,32,1,
0.003,0.011,0.037,0.5,45,34,1,
0.003,0.013,0.035,0.5,43,32,1,
0.003,0.02,0.03,0.6,43,36,1,
0.004,0.024,0.027,0.6,45,37,1,
0.004,0.029,0.018,1,65,53,1,
0.006,0.03,0.018,1.2,94,84,1,
0.007,0.025,0.023,1.1,94,83,1,
0.007,0.03,0.021,1.1,91,81,1,
0.006,0.024,0.027,0.9,85,75,1,
0.006,0.021,0.033,0.7,73,65,1,
0.006,0.021,0.035,0.6,62,47,1,
0.006,0.021,0.035,0.5,52,42,1,
0.006,0.024,0.032,0.5,55,41,1,
0.005,0.028,0.028,0.6,54,44,1,
0.005,0.034,0.022,0.6,50,38,1,
0.005,0.031,0.022,0.5,49,39,1,
0.005,0.024,0.026,0.6,46,36,1,
0.005,0.019,0.029,0.5,45,37,1,
0.004,0.024,0.023,0.5,47,36,1,
0.004,0.024,0.022,0.5,47,35,1,
0.004,0.026,0.019,0.5,44,34,1,
0.004,0.018,0.025,0.4,38,28,1,
0.004,0.015,0.028,0.4,36,27,1,
0.004,0.012,0.03,0.3,35,19,1,
0.004,0.013,0.028,0.3,31,16,1,
0.003,0.021,0.021,0.4,32,15,1,
0.003,0.032,0.011,0.4,30,16,1,
0.003,0.044,0.003,0.5,31,13,1,
0.004,0.042,0.007,0.5,30,13,1,
0.004,0.032,0.015,0.4,29,10,1,
0.005,0.024,0.022,0.4,30,15,1,
0.005,0.027,0.02,0.5,36,19,1,
0.005,0.018,0.029,0.4,35,21,1,
0.004,0.016,0.03,0.4,35,19,1,
0.051,0.007,0.014,6,143,149,1,
0.029,0.012,0.052,2.9,101,84,1,
0.003,0.017,0.026,0.3,27,8,1,
0.004,0.02,0.024,0.4,22,12,1,
0.003,0.023,0.022,0.4,24,10,1,
0.003,0.023,0.02,0.4,17,11,1,
0.003,0.019,0.021,0.4,17,10,1,
0.003,0.016,0.022,0.3,20,9,1,
0.003,0.013,0.024,0.3,22,11,1,
0.003,0.012,0.024,0.3,20,8,1,
0.003,0.014,0.023,0.3,18,6,1,
0.003,0.009,0.027,0.3,18,5,1,
0.004,0.008,0.028,0.3,16,6,1,
0.003,0.01,0.026,0.3,14,7,1,
0.003,0.014,0.023,0.3,12,6,1,
0.003,0.017,0.02,0.3,16,7,1,
0.004,0.022,0.015,0.3,14,6,1,
0.003,0.029,0.011,0.4,16,6,1,
0.004,0.035,0.007,0.4,18,2,1,
0.004,0.043,0.007,0.7,20,7,1,
0.004,0.041,0.01,0.6,27,14,1,
0.004,0.04,0.012,0.5,30,17,1,
0.005,0.034,0.017,0.4,31,18,1,
0.005,0.039,0.016,0.5,34,20,1,
0.005,0.029,0.022,0.4,37,22,1,
0.004,0.026,0.023,0.4,34,19,1,
0.003,0.018,0.029,0.3,20,10,1,
0.003,0.027,0.022,0.4,18,12,1,
0.003,0.037,0.013,0.5,20,10,1,
0.004,0.039,0.012,0.4,22,14,1,
0.003,0.041,0.011,0.5,22,13,1,
0.003,0.044,0.008,0.5,21,12,1,
0.004,0.052,0.003,0.5,21,12,1,
0.004,0.052,0.003,0.6,25,14,1,
0.004,0.047,0.006,0.4,23,14,1,
0.004,0.042,0.007,0.5,27,15,1,
0.004,0.043,0.005,0.5,25,16,1,
0.004,0.048,0.002,0.6,27,18,1,
0.004,0.054,0.002,0.8,26,17,1,
0.004,0.054,0.003,0.8,29,18,1,
0.004,0.042,0.006,0.5,32,22,1,
0.004,0.041,0.006,0.5,35,25,1,
0.004,0.031,0.013,0.5,34,20,1,
0.004,0.032,0.015,0.5,29,18,1,
0.004,0.02,0.025,0.4,30,18,1,
0.005,0.02,0.025,0.4,27,14,1,
0.005,0.017,0.029,0.5,33,23,1,
0.005,0.015,0.031,0.4,33,22,1,
0.004,0.012,0.035,0.3,39,21,1,
0.003,0.014,0.033,0.3,30,10,1,
0.003,0.018,0.029,0.3,31,10,1,
0.003,0.02,0.027,0.3,21,10,1,
0.004,0.023,0.023,0.4,16,9,1,
0.003,0.019,0.025,0.3,16,9,1,
0.003,0.02,0.023,0.4,16,8,1,
0.003,0.019,0.023,0.4,16,10,1,
0.003,0.018,0.023,0.3,19,11,1,
0.003,0.016,0.027,0.3,22,12,1,
0.003,0.017,0.025,0.3,19,12,1,
0.003,0.018,0.023,0.3,21,11,1,
0.003,0.016,0.025,0.3,20,11,1,
0.003,0.011,0.028,0.3,19,10,1,
0.003,0.01,0.03,0.3,17,10,1,
0.003,0.018,0.023,0.3,14,7,1,
0.004,0.029,0.013,0.3,16,7,1,
0.003,0.029,0.013,0.4,15,7,1,
0.003,0.018,0.023,0.3,23,7,1,
0.002,0.021,0.021,0.4,22,7,1,
0.003,0.021,0.021,0.4,42,11,1,
0.003,0.025,0.02,0.4,30,8,1,
0.003,0.018,0.026,0.3,27,9,1,
0.004,0.019,0.027,0.4,26,18,1,
0.004,0.016,0.03,0.3,27,17,1,
0.004,0.018,0.03,0.3,37,14,1,
0.004,0.02,0.026,0.4,33,15,1,
0.004,0.025,0.02,0.4,31,16,1,
0.003,0.021,0.021,0.4,26,17,1,
0.004,0.018,0.023,0.4,29,14,1,
0.003,0.016,0.024,0.4,35,13,1,
0.003,0.016,0.024,0.4,44,13,1,
0.003,0.015,0.024,0.3,44,12,1,
0.003,0.015,0.025,0.3,44,14,1,
0.004,0.013,0.025,0.3,50,13,1,
0.004,0.009,0.028,0.3,52,10,1,
0.004,0.008,0.028,0.3,56,11,1,
0.004,0.009,0.027,0.3,52,10,1,
0.003,0.009,0.026,0.3,51,12,1,
0.004,0.012,0.023,0.4,50,13,1,
0.003,0.014,0.021,0.3,50,12,1,
0.003,0.016,0.021,0.3,40,10,1,
0.003,0.015,0.023,0.3,31,7,1,
0.004,0.014,0.023,0.3,29,10,1,
0.003,0.013,0.025,0.3,31,10,1,
0.003,0.012,0.027,0.3,29,12,1,
0.003,0.01,0.029,0.3,23,7,1,
0.003,0.01,0.029,0.3,25,7,1,
0.003,0.011,0.029,0.3,26,8,1,
0.003,0.011,0.029,0.3,30,8,1,
0.004,0.013,0.027,0.3,37,7,1,
0.003,0.016,0.025,0.3,36,12,1,
0.003,0.013,0.025,0.3,35,10,1,
0.003,0.016,0.023,0.4,33,7,1,
0.003,0.016,0.021,0.3,31,10,1,
0.002,0.012,0.024,0.3,31,6,1,
0.002,0.012,0.024,0.3,25,6,1,
0.002,0.011,0.025,0.3,21,6,1,
0.002,0.011,0.025,0.4,20,5,1,
0.002,0.01,0.025,0.3,19,5,1,
0.003,0.009,0.025,0.3,22,7,1,
0.002,0.009,0.025,0.3,20,5,1,
0.002,0.009,0.025,0.3,16,4,1,
0.002,0.015,0.019,0.3,17,6,1,
0.003,0.023,0.012,0.4,17,8,1,
0.003,0.03,0.006,0.4,17,8,1,
0.003,0.033,0.006,0.6,21,11,1,
0.004,0.029,0.011,0.5,24,12,1,
0.003,0.02,0.018,0.4,25,15,1,
0.004,0.017,0.021,0.4,28,13,1,
0.004,0.012,0.026,0.4,30,13,1,
0.004,0.012,0.028,0.4,27,12,1,
0.004,0.013,0.028,0.4,25,16,1,
0.003,0.014,0.029,0.3,30,15,1,
0.003,0.016,0.027,0.3,30,13,1,
0.003,0.021,0.022,0.4,28,15,1,
0.003,0.029,0.016,0.4,23,14,1,
0.003,0.043,0.005,0.5,27,15,1,
0.004,0.044,0.004,0.5,26,18,1,
0.003,0.036,0.007,0.5,23,16,1,
0.003,0.026,0.012,0.5,29,16,1,
0.003,0.029,0.009,0.5,31,17,1,
0.003,0.035,0.006,0.6,34,18,1,
0.003,0.034,0.008,0.5,39,15,1,
0.003,0.032,0.008,0.5,36,19,1,
0.003,0.035,0.006,0.6,34,18,1,
0.003,0.035,0.005,0.6,34,21,1,
0.003,0.039,0.002,0.7,35,18,1,
0.003,0.047,0.002,0.8,33,19,1,
0.004,0.053,0.002,0.9,36,21,1,
0.004,0.053,0.003,1,40,26,1,
0.004,0.046,0.006,0.9,44,28,1,
0.004,0.033,0.011,0.6,44,29,1,
0.005,0.035,0.013,0.7,53,33,1,
0.005,0.035,0.014,0.6,57,44,1,
0.004,0.038,0.014,0.7,47,31,1,
0.004,0.039,0.016,0.6,39,29,1,
0.004,0.036,0.015,0.5,42,24,1,
0.003,0.042,0.01,0.5,34,20,1,
0.004,0.051,0.004,0.7,32,22,1,
0.004,0.06,0.002,1,40,24,1,
0.004,0.06,0.002,0.8,53,33,1,
0.004,0.062,0.002,1,54,36,1,
0.005,0.06,0.002,0.8,50,36,1,
0.004,0.062,0.002,0.9,49,35,1,
0.004,0.069,0.002,1.3,48,31,1,
0.005,0.076,0.002,1.4,53,39,1,
0.005,0.077,0.002,1.5,53,42,1,
0.005,0.072,0.002,1.4,56,43,1,
0.004,0.062,0.002,1.2,55,44,1,
0.004,0.061,0.002,1.2,55,45,1,
0.004,0.064,0.002,1.4,53,42,1,
0.005,0.068,0.002,1.4,53,45,1,
0.005,0.07,0.002,1.4,57,46,1,
0.004,0.057,0.002,1.1,54,45,1,
0.004,0.056,0.003,1.1,54,43,1,
0.005,0.063,0.004,1.4,60,46,1,
0.006,0.065,0.004,1.4,69,59,1,
0.007,0.064,0.006,1.1,68,54,1,
0.006,0.061,0.007,0.9,64,51,1,
0.007,0.065,0.006,0.9,66,55,1,
0.008,0.076,0.004,1,67,58,1,
0.009,0.083,0.003,1.1,88,72,1,
0.009,0.082,0.002,1.2,87,73,1,
0.009,0.083,0.002,1.3,82,71,1,
0.008,0.076,0.002,1.1,79,68,1,
0.006,0.066,0.002,1,72,61,1,
0.005,0.061,0.002,0.9,67,56,1,
0.005,0.054,0.002,0.7,59,48,1,
0.004,0.052,0.002,0.7,53,42,1,
0.005,0.049,0.002,0.7,57,48,1,
0.004,0.033,0.009,0.5,56,44,1,
0.004,0.025,0.015,0.5,58,46,1,
0.004,0.025,0.015,0.6,67,52,1,
0.004,0.033,0.01,0.8,72,58,1,
0.005,0.038,0.007,0.8,80,66,1,
0.005,0.053,0.002,1.1,87,72,1,
0.005,0.075,0.002,1.5,94,79,1,
0.006,0.082,0.002,1.8,90,77,1,
0.006,0.086,0.003,1.9,96,77,1,
0.007,0.086,0.003,2,109,90,1,
0.008,0.075,0.003,1.6,116,101,1,
0.007,0.074,0.003,1.4,122,102,1,
0.006,0.07,0.003,1.5,122,103,1,
0.006,0.072,0.003,1.4,124,107,1,
0.007,0.067,0.004,1.3,127,108,1,
0.007,0.057,0.007,0.9,118,97,1,
0.006,0.054,0.008,1,123,105,1,
0.006,0.039,0.016,0.9,110,98,1,
0.005,0.04,0.015,0.8,103,91,1,
0.005,0.046,0.011,0.9,95,83,1,
0.005,0.058,0.003,1.3,94,83,1,
0.005,0.051,0.004,1,91,81,1,
0.004,0.046,0.008,0.9,95,85,1,
0.004,0.062,0.002,1.1,99,88,1,
0.005,0.045,0.007,0.9,100,87,1,
0.005,0.034,0.014,0.9,104,84,1,
0.005,0.035,0.012,0.9,103,81,1,
0.004,0.038,0.008,1,96,78,1,
0.004,0.048,0.003,1.1,97,78,1,
0.004,0.049,0.002,1,101,81,1,
0.004,0.055,0.002,1.2,101,82,1,
0.005,0.053,0.003,1.5,110,90,1,
0.005,0.051,0.006,1.2,115,93,1,
0.006,0.053,0.008,1.2,118,94,1,
0.007,0.053,0.009,1.1,111,92,1,
0.007,0.055,0.012,1,101,82,1,
0.007,0.069,0.007,1.1,95,80,1,
0.007,0.077,0.005,1.3,110,91,1,
0.007,0.076,0.005,1.2,120,98,1,
0.007,0.071,0.005,0.9,115,91,1,
0.007,0.052,0.012,0.7,96,71,1,
0.006,0.051,0.011,0.7,66,53,1,
0.005,0.039,0.019,0.7,72,57,1,
0.006,0.04,0.019,0.7,68,57,1,
0.005,0.061,0.004,0.8,61,47,1,
0.005,0.066,0.002,0.9,71,53,1,
0.006,0.068,0.002,0.9,65,52,1,
0.005,0.062,0.002,0.7,66,49,1,
0.006,0.066,0.002,0.8,61,45,1,
0.005,0.066,0.002,0.8,63,46,1,
0.003,0.063,0.002,0.8,63,48,1,
0.003,0.05,0.007,0.7,55,46,1,
0.003,0.028,0.02,0.5,45,37,1,
0.003,0.023,0.02,0.6,51,41,1,
0.003,0.023,0.017,0.6,64,50,1,
0.003,0.024,0.018,0.6,61,47,1,
0.003,0.022,0.02,0.6,61,47,1,
0.004,0.019,0.023,0.6,64,56,1,
0.004,0.017,0.025,0.5,61,52,1,
0.004,0.018,0.026,0.5,59,49,1,
0.005,0.018,0.03,0.5,54,41,1,
0.006,0.018,0.033,0.5,54,42,1,
0.006,0.021,0.032,0.5,54,42,1,
0.005,0.024,0.03,0.5,54,41,1,
0.004,0.026,0.026,0.5,50,39,1,
0.004,0.03,0.022,0.5,43,35,1,
0.004,0.027,0.023,0.5,48,41,1,
0.004,0.027,0.022,0.5,47,40,1,
0.003,0.022,0.024,0.5,44,35,1,
0.004,0.021,0.023,0.4,44,30,1,
0.003,0.022,0.021,0.5,43,31,1,
0.003,0.022,0.02,0.5,41,28,1,
0.003,0.024,0.018,0.5,40,31,1,
0.003,0.022,0.02,0.5,40,30,1,
0.003,0.021,0.021,0.5,39,28,1,
0.003,0.026,0.018,0.5,37,27,1,
0.002,0.039,0.004,0.7,46,37,1,
0.002,0.041,0.003,0.6,51,44,1,
0.003,0.046,0.002,0.7,50,43,1,
0.003,0.051,0.003,0.9,51,46,1,
0.004,0.053,0.004,1,62,50,1,
0.004,0.052,0.006,1.1,70,57,1,
0.005,0.05,0.007,0.9,74,62,1,
0.005,0.044,0.01,0.7,58,46,1,
0.004,0.05,0.007,0.7,58,44,1,
0.004,0.047,0.007,0.7,58,46,1,
0.004,0.048,0.006,0.7,59,50,1,
0.003,0.053,0.003,0.7,60,48,1,
0.003,0.056,0.002,0.9,59,49,1,
0.003,0.054,0.002,0.7,53,44,1,
0.003,0.056,0.002,0.8,44,34,1,
0.003,0.057,0.002,0.7,37,29,1,
0.003,0.058,0.002,0.7,31,22,1,
0.004,0.062,0.002,0.7,32,21,1,
0.003,0.046,0.008,0.7,42,26,1,
0.004,0.016,0.025,0.6,49,39,1,
0.005,0.011,0.029,0.5,51,39,1,
0.005,0.01,0.031,0.5,47,35,1,
0.005,0.008,0.032,0.4,43,26,1,
0.004,0.008,0.032,0.3,63,19,1,
0.003,0.009,0.03,0.3,100,12,1,
0.004,0.01,0.028,0.3,117,12,1,
0.003,0.01,0.028,0.3,124,13,1,
0.003,0.011,0.026,0.3,119,14,1,
0.004,0.01,0.029,0.3,88,14,1,
0.004,0.009,0.03,0.3,62,16,1,
0.005,0.01,0.031,0.3,63,16,1,
0.005,0.009,0.032,0.3,63,20,1,
0.005,0.011,0.031,0.3,64,17,1,
0.005,0.012,0.033,0.4,64,21,1,
0.005,0.015,0.033,0.4,53,26,1,
0.005,0.014,0.034,0.4,50,24,1,
0.005,0.015,0.033,0.4,50,28,1,
0.005,0.021,0.029,0.5,52,32,1,
0.005,0.022,0.028,0.5,54,40,1,
0.005,0.015,0.033,0.5,55,45,1,
0.005,0.017,0.03,0.5,50,43,1,
0.005,0.016,0.029,0.5,54,45,1,
0.005,0.015,0.029,0.5,57,47,1,
0.005,0.014,0.031,0.5,55,50,1,
0.005,0.013,0.03,0.5,56,47,1,
0.004,0.015,0.028,0.5,56,46,1,
0.005,0.013,0.028,0.5,55,47,1,
0.005,0.011,0.029,0.4,54,46,1,
0.005,0.015,0.025,0.4,52,43,1,
0.004,0.02,0.02,0.4,47,43,1,
0.004,0.024,0.017,0.4,46,41,1,
0.004,0.026,0.016,0.5,45,38,1,
0.004,0.021,0.022,0.4,45,36,1,
0.005,0.022,0.022,0.5,48,40,1,
0.005,0.028,0.021,0.6,54,44,1,
0.106,0.002,0.001,11.2,388,380,1,
0.061,0.015,0.056,6.1,204,191,1,
0.004,0.021,0.024,0.5,31,16,1,
0.004,0.025,0.026,0.4,46,35,1,
0.004,0.027,0.026,0.4,45,33,1,
0.004,0.033,0.02,0.5,39,33,1,
0.003,0.041,0.012,0.5,35,30,1,
0.003,0.047,0.008,0.6,35,30,1,
0.003,0.043,0.009,0.6,40,33,1,
0.003,0.025,0.024,0.4,28,23,1,
0.003,0.021,0.027,0.3,22,17,1,
0.002,0.019,0.027,0.4,19,15,1,
0.003,0.023,0.022,0.4,25,18,1,
0.002,0.027,0.019,0.4,25,21,1,
0.003,0.02,0.024,0.4,27,20,1,
0.003,0.018,0.025,0.4,28,23,1,
0.003,0.02,0.023,0.4,30,25,1,
0.003,0.036,0.009,0.5,30,24,1,
0.003,0.043,0.005,0.6,30,25,1,
0.004,0.055,0.003,0.9,35,28,1,
0.003,0.039,0.008,0.6,38,32,1,
0.004,0.029,0.018,0.5,33,26,1,
0.005,0.021,0.025,0.4,33,28,1,
0.004,0.021,0.027,0.4,32,23,1,
0.005,0.028,0.024,0.5,37,31,1,
0.004,0.024,0.027,0.5,37,30,1,
0.004,0.024,0.029,0.5,35,29,1,
0.004,0.025,0.029,0.4,35,26,1,
0.004,0.03,0.026,0.5,34,24,1,
0.004,0.039,0.018,0.5,36,28,1,
0.004,0.047,0.01,0.6,35,28,1,
0.004,0.054,0.005,0.7,40,32,1,
0.004,0.056,0.004,0.6,39,34,1,
0.003,0.054,0.005,0.6,35,27,1,
0.003,0.045,0.008,0.5,30,22,1,
0.004,0.052,0.004,0.6,32,24,1,
0.003,0.039,0.011,0.5,32,24,1,
0.003,0.037,0.012,0.6,33,26,1,
0.003,0.046,0.005,0.6,32,28,1,
0.003,0.054,0.002,0.8,33,27,1,
0.004,0.051,0.002,0.8,43,37,1,
0.004,0.058,0.002,1,45,37,1,
0.004,0.059,0.002,1,52,49,1,
0.004,0.063,0.002,1.3,51,44,1,
0.004,0.07,0.003,1.3,60,53,1,
0.005,0.069,0.004,1.5,69,52,1,
0.006,0.079,0.005,1.5,85,70,1,
0.006,0.084,0.005,1.5,85,74,1,
0.006,0.047,0.018,0.7,66,56,1,
0.005,0.033,0.023,0.5,37,29,1,
0.005,0.038,0.02,0.5,41,35,1,
0.005,0.037,0.022,0.5,42,35,1,
0.006,0.037,0.026,0.5,45,37,1,
0.005,0.048,0.017,0.6,56,47,1,
0.005,0.058,0.006,0.7,52,46,1,
0.005,0.06,0.003,0.8,45,38,1,
0.005,0.049,0.009,0.7,43,37,1,
0.005,0.038,0.017,0.6,39,31,1,
0.005,0.052,0.01,0.8,40,32,1,
0.004,0.068,0.002,1.1,42,33,1,
0.004,0.08,0.002,1.3,46,40,1,
0.004,0.077,0.002,1.2,45,38,1,
0.004,0.08,0.002,1.4,52,47,1,
0.003,0.068,0.002,1.2,48,39,1,
0.004,0.065,0.002,1.1,51,42,1,
0.004,0.061,0.002,1.1,45,39,1,
0.003,0.061,0.002,1,49,38,1,
0.004,0.071,0.002,1.2,48,41,1,
0.004,0.073,0.003,1.2,54,50,1,
0.004,0.073,0.004,1.3,57,49,1,
0.005,0.071,0.005,1.3,68,62,1,
0.006,0.073,0.006,1.2,73,68,1,
0.007,0.071,0.007,1.1,75,70,1,
0.007,0.073,0.006,1.1,83,76,1,
0.008,0.067,0.007,1,81,74,1,
0.007,0.069,0.005,1,75,66,1,
0.006,0.063,0.008,0.8,81,71,1,
0.006,0.066,0.006,0.8,78,65,1,
0.006,0.063,0.006,0.8,83,70,1,
0.005,0.062,0.006,0.8,78,64,1,
0.005,0.043,0.02,0.6,80,65,1,
0.005,0.042,0.021,0.6,76,59,1,
0.004,0.035,0.028,0.5,75,55,1,
0.004,0.023,0.037,0.4,60,44,1,
0.003,0.015,0.043,0.4,61,36,1,
0.003,0.015,0.036,0.6,58,37,1,
0.003,0.012,0.031,0.9,86,77,1,
0.003,0.008,0.03,0.6,47,44,1,
0.003,0.009,0.031,0.3,59,21,1,
0.003,0.009,0.03,0.3,113,15,1,
0.003,0.009,0.03,0.2,165,16,1,
0.003,0.012,0.027,0.3,177,13,1,
0.003,0.012,0.027,0.3,167,13,1,
0.003,0.01,0.029,0.3,177,13,1,
0.003,0.01,0.029,0.3,184,16,1,
0.004,0.011,0.029,0.3,168,16,1,
0.003,0.011,0.03,0.3,154,13,1,
0.004,0.011,0.032,0.3,129,12,1,
0.003,0.013,0.031,0.3,101,14,1,
0.003,0.012,0.033,0.3,80,10,1,
0.003,0.014,0.031,0.3,67,8,1,
0.003,0.015,0.03,0.3,55,9,1,
0.003,0.027,0.019,0.3,47,8,1,
0.003,0.025,0.019,0.4,36,5,1,
0.003,0.018,0.024,0.3,27,4,1,
0.003,0.022,0.02,0.3,26,5,1,
0.003,0.026,0.016,0.4,28,8,1,
0.003,0.021,0.02,0.4,29,8,1,
0.003,0.016,0.022,0.4,29,10,1,
0.003,0.016,0.021,0.4,27,10,1,
0.003,0.022,0.019,0.4,25,9,1,
0.003,0.016,0.023,0.3,25,7,1,
0.003,0.024,0.015,0.4,28,7,1,
0.003,0.028,0.012,0.4,29,10,1,
0.003,0.035,0.006,0.5,29,10,1,
0.003,0.042,0.002,0.6,29,12,1,
0.003,0.038,0.007,0.6,31,12,1,
0.003,0.03,0.013,0.5,28,11,1,
0.003,0.025,0.019,0.4,32,11,1,
0.004,0.026,0.019,0.4,35,13,1,
0.003,0.024,0.023,0.4,33,10,1,
0.003,0.027,0.022,0.4,28,9,1,
0.003,0.03,0.019,0.4,24,11,1,
0.004,0.034,0.016,0.4,28,12,1,
0.003,0.03,0.02,0.3,19,6,1,
0.003,0.042,0.009,0.4,21,7,1,
0.004,0.053,0.002,0.5,24,9,1,
0.004,0.06,0.002,0.7,23,9,1,
0.004,0.062,0.002,0.8,28,13,1,
0.004,0.062,0.002,0.9,30,12,1,
0.003,0.059,0.002,0.7,30,14,1,
0.004,0.06,0.002,0.9,29,15,1,
0.004,0.059,0.002,0.8,28,17,1,
0.004,0.059,0.002,0.9,29,16,1,
0.004,0.053,0.002,0.8,30,20,1,
0.004,0.052,0.002,0.9,28,17,1,
0.003,0.049,0.002,0.8,29,18,1,
0.004,0.048,0.002,0.8,25,14,1,
0.004,0.05,0.002,0.8,27,16,1,
0.003,0.044,0.002,0.6,26,15,1,
0.004,0.052,0.002,0.9,26,17,1,
0.004,0.044,0.004,0.8,29,20,1,
0.003,0.033,0.013,0.5,27,17,1,
0.003,0.033,0.013,0.6,23,12,1,
0.003,0.036,0.01,0.6,24,15,1,
0.002,0.037,0.009,0.6,25,15,1,
0.003,0.034,0.007,0.5,22,14,1,
0.002,0.04,0.004,0.6,20,15,1,
0.003,0.048,0.003,0.7,21,16,1,
0.003,0.047,0.002,0.7,23,18,1,
0.002,0.046,0.002,0.7,22,16,1,
0.003,0.043,0.002,0.8,21,16,1,
0.001,0.031,0.005,0.6,19,14,1,
0.002,0.021,0.017,0.4,15,11,1,
0.002,0.016,0.023,0.3,13,10,1,
0.002,0.013,0.023,0.4,17,13,1,
0.003,0.015,0.021,0.6,33,22,1,
0.003,0.015,0.024,0.5,42,26,1,
0.002,0.012,0.027,0.4,32,22,1,
0.003,0.012,0.024,0.6,50,41,1,
0.002,0.013,0.023,0.7,88,80,1,
0.003,0.014,0.022,0.6,85,78,1,
0.003,0.014,0.023,0.6,86,77,1,
0.003,0.014,0.025,0.6,79,71,1,
0.003,0.014,0.026,0.5,74,66,1,
0.003,0.011,0.03,0.4,47,41,1,
0.004,0.01,0.033,0.3,35,30,1,
0.004,0.008,0.035,0.3,36,28,1,
0.004,0.009,0.038,0.4,38,29,1,
0.004,0.009,0.039,0.4,37,26,1,
0.004,0.012,0.039,0.4,37,32,1,
0.004,0.017,0.035,0.4,35,29,1,
0.004,0.015,0.036,0.3,32,26,1,
0.004,0.017,0.034,0.4,34,25,1,
0.003,0.017,0.032,0.4,32,23,1,
0.003,0.016,0.031,0.3,27,17,1,
0.003,0.019,0.027,0.4,23,15,1,
0.003,0.023,0.023,0.5,26,15,1,
0.003,0.021,0.023,0.4,25,16,1,
0.003,0.019,0.024,0.4,23,14,1,
0.003,0.019,0.024,0.4,20,12,1,
0.003,0.018,0.024,0.4,21,11,1,
0.003,0.023,0.019,0.4,19,12,1,
0.003,0.015,0.025,0.4,21,12,1,
0.003,0.035,0.008,0.5,24,14,1,
0.003,0.036,0.006,0.6,28,19,1,
0.002,0.043,0.003,0.6,30,22,1,
0.003,0.048,0.002,0.8,30,21,1,
0.003,0.051,0.003,0.9,31,21,1,
0.003,0.053,0.005,1,33,23,1,
0.004,0.055,0.006,0.1,41,31,1,
0.004,0.041,0.014,0.7,40,30,1,
0.004,0.035,0.017,0.5,28,24,1,
0.004,0.039,0.016,0.6,42,28,1,
0.004,0.033,0.019,0.5,28,19,1,
0.003,0.034,0.02,0.4,25,18,1,
0.003,0.036,0.018,0.4,24,19,1,
0.003,0.04,0.014,0.5,22,17,1,
0.003,0.044,0.01,0.4,21,16,1,
0.003,0.046,0.007,0.5,22,15,1,
0.004,0.043,0.008,0.5,24,17,1,
0.004,0.049,0.005,0.7,22,16,1,
